symbol,slippage_bps,brokerage_per_order,trade_count,final_return,max_drawdown,sharpe_ratio,win_rate,profit_factor,expectancy_per_trade
^NSEI,0.0,0.0,0,0.0,0.0,0.0,0.0,0.0,0.0
^NSEI,0.0,20.0,0,0.0,0.0,0.0,0.0,0.0,0.0
^NSEI,0.0,40.0,0,0.0,0.0,0.0,0.0,0.0,0.0
^NSEI,5.0,0.0,0,0.0,0.0,0.0,0.0,0.0,0.0
^NSEI,5.0,20.0,0,0.0,0.0,0.0,0.0,0.0,0.0
^NSEI,5.0,40.0,0,0.0,0.0,0.0,0.0,0.0,0.0
^NSEI,10.0,0.0,0,0.0,0.0,0.0,0.0,0.0,0.0
^NSEI,10.0,20.0,0,0.0,0.0,0.0,0.0,0.0,0.0
^NSEI,10.0,40.0,0,0.0,0.0,0.0,0.0,0.0,0.0
^NSEI,20.0,0.0,0,0.0,0.0,0.0,0.0,0.0,0.0
^NSEI,20.0,20.0,0,0.0,0.0,0.0,0.0,0.0,0.0
^NSEI,20.0,40.0,0,0.0,0.0,0.0,0.0,0.0,0.0
RELIANCE.NS,0.0,0.0,2,-0.009998239746093707,-0.009998239746093707,-0.18075428630787643,0.0,0.0,-499.9119873046875
RELIANCE.NS,0.0,20.0,2,-0.010931953491212898,-0.010931953491212898,-0.1887161280455522,0.0,0.0,-522.9976745605469
RELIANCE.NS,0.0,40.0,2,-0.01187595349121473,-0.01187595349121473,-0.19562366101764733,0.0,0.0,-546.5976745605469
RELIANCE.NS,5.0,0.0,2,-0.0442416740621151,-0.0442416740621151,-0.22917973660539775,0.0,0.0,-2212.08370310562
RELIANCE.NS,5.0,20.0,2,-0.04518567406211671,-0.04518567406211671,-0.2301725324367301,0.0,0.0,-2235.6837031056198
RELIANCE.NS,5.0,40.0,2,-0.046118056881637726,-0.046118056881637726,-0.2310824048779722,0.0,0.0,-2258.702844081572
RELIANCE.NS,10.0,0.0,2,-0.07841021539473803,-0.07841021539473803,-0.21114740105988306,0.0,0.0,-3920.510769737059
RELIANCE.NS,10.0,20.0,2,-0.07934126728866076,-0.07934126728866076,-0.21199134220770216,0.0,0.0,-3943.4633644331043
RELIANCE.NS,10.0,40.0,2,-0.08028526728866259,-0.08028526728866259,-0.21284343353081217,0.0,0.0,-3967.0633644331037
RELIANCE.NS,20.0,0.0,2,-0.14647615038788353,-0.14647615038788353,-0.20002700588014471,0.0,0.0,-7323.807519393979
RELIANCE.NS,20.0,20.0,2,-0.14742015038788547,-0.14742015038788547,-0.20061208333813468,0.0,0.0,-7347.40751939398
RELIANCE.NS,20.0,40.0,2,-0.14834854043061174,-0.14834854043061174,-0.201169680304153,0.0,0.0,-7370.227021530211
HDFCBANK.NS,0.0,0.0,1,0.0,0.0,0.0,0.0,inf,0.0
HDFCBANK.NS,0.0,20.0,1,-0.000472000000000139,-0.000472000000000139,-0.18071914403354652,0.0,0.0,-23.6
HDFCBANK.NS,0.0,40.0,1,-0.0009439999999999449,-0.0009439999999999449,-0.1807191440335465,0.0,0.0,-47.2
HDFCBANK.NS,5.0,0.0,1,-0.00018478620689388325,-0.00018478620689388325,-0.18071914403354647,0.0,0.0,-18.47862068938798
HDFCBANK.NS,5.0,20.0,1,-0.0006567862068936892,-0.0006567862068936892,-0.1807191440335465,0.0,0.0,-42.07862068938798
HDFCBANK.NS,5.0,40.0,1,-0.0011287862068938281,-0.0011287862068938281,-0.18071914403354658,0.0,0.0,-65.67862068938798
HDFCBANK.NS,10.0,0.0,1,-0.00036957241378787753,-0.00036957241378787753,-0.18071914403354652,0.0,0.0,-36.95724137878399
HDFCBANK.NS,10.0,20.0,1,-0.0008415724137879055,-0.0008415724137879055,-0.18071914403354647,0.0,0.0,-60.55724137878399
HDFCBANK.NS,10.0,40.0,1,-0.0013135724137878224,-0.0013135724137878224,-0.18071914403354652,0.0,0.0,-84.157241378784
HDFCBANK.NS,20.0,0.0,1,-0.000739144827575644,-0.000739144827575644,-0.1807191440335465,0.0,0.0,-73.91448275756798
HDFCBANK.NS,20.0,20.0,1,-0.001211144827575783,-0.001211144827575783,-0.18071914403354655,0.0,0.0,-97.51448275756798
HDFCBANK.NS,20.0,40.0,1,-0.001683144827575589,-0.001683144827575589,-0.1807191440335465,0.0,0.0,-121.11448275756798
ICICIBANK.NS,0.0,0.0,0,0.0,0.0,0.0,0.0,0.0,0.0
ICICIBANK.NS,0.0,20.0,0,0.0,0.0,0.0,0.0,0.0,0.0
ICICIBANK.NS,0.0,40.0,0,0.0,0.0,0.0,0.0,0.0,0.0
ICICIBANK.NS,5.0,0.0,0,0.0,0.0,0.0,0.0,0.0,0.0
ICICIBANK.NS,5.0,20.0,0,0.0,0.0,0.0,0.0,0.0,0.0
ICICIBANK.NS,5.0,40.0,0,0.0,0.0,0.0,0.0,0.0,0.0
ICICIBANK.NS,10.0,0.0,0,0.0,0.0,0.0,0.0,0.0,0.0
ICICIBANK.NS,10.0,20.0,0,0.0,0.0,0.0,0.0,0.0,0.0
ICICIBANK.NS,10.0,40.0,0,0.0,0.0,0.0,0.0,0.0,0.0
ICICIBANK.NS,20.0,0.0,0,0.0,0.0,0.0,0.0,0.0,0.0
ICICIBANK.NS,20.0,20.0,0,0.0,0.0,0.0,0.0,0.0,0.0
ICICIBANK.NS,20.0,40.0,0,0.0,0.0,0.0,0.0,0.0,0.0
INFY.NS,0.0,0.0,9,-0.029686543102264373,-0.03478939652380009,-0.2523190008597515,0.0,0.0,-329.85047891404923
INFY.NS,0.0,20.0,9,-0.033867289188380556,-0.037359792862458496,-0.28076599097869237,0.0,0.0,-352.7032132042782
INFY.NS,0.0,40.0,9,-0.038037175899513276,-0.039927861599307835,-0.3068214084470482,0.0,0.0,-375.43528777228494
INFY.NS,5.0,0.0,9,-0.0921584815712686,-0.0921584815712686,-0.27126460800989727,0.0,0.0,-1023.9831285696523
INFY.NS,5.0,20.0,9,-0.09629935863810712,-0.09629935863810712,-0.2810984504028166,0.0,0.0,-1046.3928737568287
INFY.NS,5.0,40.0,9,-0.10042899199402688,-0.10042899199402688,-0.29062002124610614,0.0,0.0,-1068.6776888224779
INFY.NS,10.0,0.0,9,-0.153911154906883,-0.153911154906883,-0.2399835218066764,0.0,0.0,-1710.1239434097731
INFY.NS,10.0,20.0,9,-0.1580123002903745,-0.1580123002903745,-0.24586736181014587,0.0,0.0,-1732.0922254486738
INFY.NS,10.0,40.0,9,-0.16210457560357983,-0.16210457560357983,-0.25167051066106905,0.0,0.0,-1753.9619511508533
INFY.NS,20.0,0.0,9,-0.27531708975576674,-0.27531708975576674,-0.22059750419259533,0.0,0.0,-3059.0787750641884
INFY.NS,20.0,20.0,9,-0.2793245967960434,-0.2793245967960434,-0.22412676588042474,0.0,0.0,-3080.0066310672073
INFY.NS,20.0,40.0,9,-0.2833472649300698,-0.2833472649300698,-0.22766215908935983,0.0,0.0,-3101.1029436674494
TCS.NS,0.0,0.0,1,0.0593999999999999,-0.022573452601103883,0.32963234333746777,1.0,inf,5940.0
TCS.NS,0.0,20.0,1,0.05892799999999987,-0.022578447739239005,0.3277712298491256,1.0,inf,5916.4
TCS.NS,0.0,40.0,1,0.05845600000000006,-0.022583445088549148,0.3258771569268436,1.0,inf,5892.8
TCS.NS,5.0,0.0,1,0.0592436999999999,-0.022575420760285958,0.32901981336825287,1.0,inf,5924.370000000001
TCS.NS,5.0,20.0,1,0.05877170000000009,-0.022580416769598655,0.32714769222730733,1.0,inf,5900.77
TCS.NS,5.0,40.0,1,0.058299700000000065,-0.02258541499066502,0.32524263378882823,1.0,inf,5877.170000000001
TCS.NS,10.0,0.0,1,0.0590873999999999,-0.02257738926270203,0.32840350375753796,1.0,inf,5908.7400000000025
TCS.NS,10.0,20.0,1,0.058615400000000095,-0.02258238614342034,0.3265203818448884,1.0,inf,5885.140000000002
TCS.NS,10.0,40.0,1,0.05814340000000007,-0.02258738523647108,0.3246043474492934,1.0,inf,5861.540000000003
TCS.NS,20.0,0.0,1,0.05877480000000013,-0.022581327297595544,0.32715955465491453,1.0,inf,5877.4800000000005
TCS.NS,20.0,20.0,1,0.0583028000000001,-0.02258632592180898,0.32525445548357823,1.0,inf,5853.88
TCS.NS,20.0,40.0,1,0.05783080000000007,-0.02259132675951303,0.3233165015498179,1.0,inf,5830.280000000001
SBIN.NS,0.0,0.0,2,-0.00999916015625002,-0.00999916015625002,-0.18074256993863333,0.0,0.0,-499.9580078125
SBIN.NS,0.0,20.0,2,-0.010938914588927262,-0.010938914588927262,-0.18869873329921813,0.0,0.0,-523.3457294464112
SBIN.NS,0.0,40.0,2,-0.011877819908140186,-0.011877819908140186,-0.1956085749445461,0.0,0.0,-546.6909954071045
SBIN.NS,5.0,0.0,2,-0.025202124329850806,-0.025202124329850806,-0.23860598588097132,0.0,0.0,-1260.106216492543
SBIN.NS,5.0,20.0,2,-0.026137188858848526,-0.026137188858848526,-0.23969065060195566,0.0,0.0,-1283.2594429425094
SBIN.NS,5.0,40.0,2,-0.027073742633013764,-0.027073742633013764,-0.24067362488486066,0.0,0.0,-1306.4871316508147
SBIN.NS,10.0,0.0,2,-0.040286455156744894,-0.040286455156744894,-0.2489569076479805,0.0,0.0,-2014.322757837217
SBIN.NS,10.0,20.0,2,-0.04121767889552863,-0.04121767889552863,-0.24923809062380092,0.0,0.0,-2037.2839447764568
SBIN.NS,10.0,40.0,2,-0.042151032011181866,-0.042151032011181866,-0.24949916048991783,0.0,0.0,-2060.3516005591564
SBIN.NS,20.0,0.0,2,-0.07010176411079594,-0.07010176411079594,-0.25363625966100806,0.0,0.0,-3505.088205539764
SBIN.NS,20.0,20.0,2,-0.07102530626915049,-0.07102530626915049,-0.2536820641483722,0.0,0.0,-3527.66531345755
SBIN.NS,20.0,40.0,2,-0.0719522580677795,-0.0719522580677795,-0.25372470870280756,0.0,0.0,-3550.4129033890376
