final_return,max_drawdown
-0.11145554649612299,-0.11145554649612299
-0.1024386690602519,-0.1024386690602519
-0.10390707964675439,-0.10390707964675439
-0.04085771466573174,-0.04085771466573174
-0.11447246291997737,-0.11447246291997737
-0.10196586115716955,-0.10196586115716955
-0.10030984890555283,-0.10030984890555283
-0.09413886500113977,-0.09413886500113977
-0.08403337819934897,-0.08403337819934897
-0.11447246291997759,-0.11447246291997759
-0.060279035455214514,-0.060279035455214514
-0.1708417665735752,-0.1708417665735752
-0.028461182146361064,-0.028461182146361064
-0.14690310346203017,-0.14690310346203017
-0.027089989326404162,-0.027089989326404162
-0.09313924801490048,-0.09313924801490048
-0.043970172200875846,-0.043970172200875846
-0.08450925518271035,-0.08450925518271035
-0.11256184229324939,-0.11256184229324939
-0.10040304171505554,-0.10040304171505554
-0.13647607404633866,-0.13647607404633866
-0.09191467726644953,-0.09191467726644953
-0.04524968318233524,-0.04524968318233524
-0.052342824073559946,-0.052342824073559946
-0.13587415976140405,-0.13587415976140405
-0.09655069145311757,-0.09655069145311757
-0.08282105222462155,-0.08282105222462155
-0.09330126884126333,-0.09330126884126333
-0.18883531571582357,-0.18883531571582357
-0.07296906049772889,-0.07296906049772889
-0.08545249825669177,-0.08545249825669177
-0.0829924888000777,-0.0829924888000777
-0.031840588917211754,-0.031840588917211754
-0.09452200142264466,-0.09452200142264466
-0.07748920111459656,-0.07748920111459656
-0.03564531601091159,-0.03564531601091159
-0.0762247981869213,-0.0762247981869213
-0.08799959319246309,-0.08799959319246309
-0.11849583495725591,-0.11849583495725591
-0.08302761294758343,-0.08302761294758343
-0.07706854197443347,-0.07706854197443347
-0.07488625336524124,-0.07488625336524124
-0.07530826160300219,-0.07530826160300219
-0.16474773164507817,-0.16474773164507817
-0.07614378534345767,-0.07614378534345767
-0.17987296828941135,-0.17987296828941135
-0.09227249399814286,-0.09227249399814286
-0.11355799403171551,-0.11355799403171551
-0.14576841784447792,-0.14576841784447792
-0.06657926085240295,-0.06657926085240295
-0.07438256878759053,-0.07438256878759053
-0.14428182655922817,-0.14428182655922817
-0.11498453382777385,-0.11498453382777385
-0.03351367316304288,-0.03351367316304288
-0.047330714736247614,-0.047330714736247614
-0.1540437362971463,-0.1540437362971463
-0.03209463321888906,-0.03209463321888906
-0.0953509997116112,-0.0953509997116112
-0.1304025415332043,-0.1304025415332043
-0.21901909403262954,-0.21901909403262954
-0.1463814617987318,-0.1463814617987318
-0.07089775360051354,-0.07089775360051354
-0.08855770404299079,-0.08855770404299079
-0.02732559106391974,-0.02732559106391974
-0.027803649388636442,-0.027803649388636442
-0.05195113475329838,-0.05195113475329838
-0.05155823215708222,-0.05155823215708222
-0.09838414235616422,-0.09838414235616422
-0.10452111923348328,-0.10452111923348328
-0.10096059125853751,-0.10096059125853751
-0.11457534971258365,-0.11457534971258365
-0.03796838529833102,-0.03796838529833102
-0.09502532977350098,-0.09502532977350098
-0.13680430063238203,-0.13680430063238203
-0.07420751008780246,-0.07420751008780246
-0.08157655902605532,-0.08157655902605532
-0.10585637062922304,-0.10585637062922304
-0.01667037326125398,-0.01667037326125398
-0.17772868265646247,-0.17772868265646247
-0.03797047655547814,-0.03797047655547814
-0.19791653973217815,-0.19791653973217815
-0.11778583183906577,-0.11778583183906577
-0.059188024622164215,-0.059188024622164215
-0.12887346956963508,-0.12887346956963508
-0.15237328105409031,-0.15237328105409031
-0.09291761588913772,-0.09291761588913772
-0.15926667219232626,-0.15926667219232626
-0.0732431803161826,-0.0732431803161826
-0.04901573127528214,-0.04901573127528214
-0.038091682206747746,-0.038091682206747746
-0.05275498394905964,-0.05275498394905964
-0.07232287902169565,-0.07232287902169565
-0.10892234312008076,-0.10892234312008076
-0.06490501317053776,-0.06490501317053776
-0.08821093378677147,-0.08821093378677147
-0.10542974541808303,-0.10542974541808303
-0.15880568079445279,-0.15880568079445279
-0.09335651889373953,-0.09335651889373953
-0.13928273623985343,-0.13928273623985343
-0.025065740789370183,-0.025065740789370183
-0.1550065473006298,-0.1550065473006298
-0.09308913668293695,-0.09308913668293695
-0.07668203465791057,-0.07668203465791057
-0.03662484836817603,-0.03662484836817603
-0.18584659568791273,-0.18584659568791273
-0.12870871653817095,-0.12870871653817095
-0.11262577586366063,-0.11262577586366063
-0.07452958689348477,-0.07452958689348477
-0.07353838342356012,-0.07353838342356012
-0.029096295473909017,-0.029096295473909017
-0.09063323786413491,-0.09063323786413491
-0.1061199887090879,-0.1061199887090879
-0.0524259240205347,-0.0524259240205347
-0.09825286847396808,-0.09825286847396808
-0.08453813219046691,-0.08453813219046691
-0.07697761418873905,-0.07697761418873905
-0.14512999787829128,-0.14512999787829128
-0.045569803543403786,-0.045569803543403786
-0.10906354502184679,-0.10906354502184679
-0.20403747875944178,-0.20403747875944178
-0.085168469602108,-0.085168469602108
-0.10567927428505486,-0.10567927428505486
-0.1290400847381239,-0.1290400847381239
-0.11998163640343551,-0.11998163640343551
-0.02991108819259758,-0.02991108819259758
-0.06937281963192199,-0.06937281963192199
-0.055982758855234405,-0.055982758855234405
-0.0595458328278613,-0.0595458328278613
-0.10274662958388148,-0.10274662958388148
-0.027352912756416492,-0.027352912756416492
-0.13751611975536226,-0.13751611975536226
-0.0828190584635331,-0.0828190584635331
-0.0921824057401186,-0.0921824057401186
-0.03838387066511406,-0.03838387066511406
-0.040369807183863626,-0.040369807183863626
-0.09270736624122189,-0.09270736624122189
-0.09405942317786375,-0.09405942317786375
-0.09256439707462505,-0.09256439707462505
-0.03147013450265168,-0.03147013450265168
-0.09552402652268965,-0.09552402652268965
-0.029808483847542866,-0.029808483847542866
-0.05415901116733712,-0.05415901116733712
-0.06794841905269755,-0.06794841905269755
-0.029810592842622663,-0.029810592842622663
-0.04557187827664466,-0.04557187827664466
-0.07215268303192657,-0.07215268303192657
-0.08393848959161143,-0.08393848959161143
-0.12240225700631857,-0.12240225700631857
-0.04741218346621512,-0.04741218346621512
-0.19560694017865365,-0.19560694017865365
-0.13569511405587753,-0.13569511405587753
-0.08367111837509755,-0.08367111837509755
-0.048001568419641094,-0.048001568419641094
-0.036804919811459835,-0.036804919811459835
-0.07440894853383662,-0.07440894853383662
-0.022157491562779907,-0.022157491562779907
-0.13991896063664777,-0.13991896063664777
-0.05025622342681857,-0.05025622342681857
-0.050964860141287094,-0.050964860141287094
-0.12871061054466326,-0.12871061054466326
-0.0929136722584395,-0.0929136722584395
-0.008390251016656691,-0.008390251016656691
-0.0887708961319289,-0.0887708961319289
-0.09217845891302134,-0.09217845891302134
-0.14639222173171773,-0.14639222173171773
-0.0778490895939159,-0.0778490895939159
-0.05112923175641104,-0.05112923175641104
-0.04029983341785437,-0.04029983341785437
-0.02986971172502051,-0.02986971172502051
-0.17895582472505933,-0.17895582472505933
-0.1382290627093321,-0.1382290627093321
-0.02950483217127431,-0.02950483217127431
-0.07590331133876826,-0.07590331133876826
-0.0305017967821416,-0.0305017967821416
-0.09274211827968382,-0.09274211827968382
-0.1395202037076848,-0.1395202037076848
-0.05970646993246376,-0.05970646993246376
-0.11255606148954156,-0.11255606148954156
-0.1896703657299691,-0.1896703657299691
-0.19609745175616056,-0.19609745175616056
-0.016152385238786038,-0.016152385238786038
-0.13721408763723886,-0.13721408763723886
-0.1377685293600096,-0.1377685293600096
-0.12987459325681028,-0.12987459325681028
-0.09821558328426594,-0.09821558328426594
-0.06456395736059439,-0.06456395736059439
-0.08186791000190308,-0.08186791000190308
-0.05588291205813267,-0.05588291205813267
-0.14487788441155436,-0.14487788441155436
-0.1884885581336948,-0.1884885581336948
-0.06724534700460283,-0.06724534700460283
-0.03679487231663803,-0.03679487231663803
-0.07204284951764495,-0.07204284951764495
-0.13598490876690073,-0.13598490876690073
-0.057542151682502984,-0.057542151682502984
-0.03534977491906466,-0.03534977491906466
-0.09084396815605078,-0.09084396815605078
-0.15503246608213583,-0.15503246608213583
-0.08329995429175319,-0.08329995429175319
-0.13843007455813883,-0.13843007455813883
-0.06543942911278777,-0.06543942911278777
-0.030911848674076148,-0.030911848674076148
-0.09678579247222763,-0.09678579247222763
-0.08121252881481045,-0.08121252881481045
-0.05126592204996194,-0.05126592204996194
-0.1279404698459512,-0.1279404698459512
-0.05958594359630753,-0.05958594359630753
-0.11182942808170626,-0.11182942808170626
-0.09191270327305856,-0.09191270327305856
-0.13846869367467107,-0.13846869367467107
-0.16793577535562887,-0.16793577535562887
-0.0865987187860714,-0.0865987187860714
-0.03031928204161971,-0.03031928204161971
-0.10212335126902983,-0.10212335126902983
-0.18772175921037615,-0.18772175921037615
-0.1889029203424334,-0.1889029203424334
-0.1278089491814529,-0.1278089491814529
-0.0835227635222674,-0.0835227635222674
-0.17716753263385776,-0.17716753263385776
-0.046467060040586095,-0.046467060040586095
-0.14788165464638836,-0.14788165464638836
-0.02596848936437901,-0.02596848936437901
-0.10671637162810743,-0.10671637162810743
-0.13810415249063512,-0.13810415249063512
-0.03573197628360958,-0.03573197628360958
-0.08165909175718467,-0.08165909175718467
-0.02808732190640395,-0.02808732190640395
-0.08403337819934886,-0.08403337819934886
-0.07229769489332549,-0.07229769489332549
-0.09179827936157603,-0.09179827936157603
-0.1099685036438216,-0.1099685036438216
-0.14718914022131246,-0.14718914022131246
-0.15227510055321325,-0.15227510055321325
-0.1586705669881655,-0.1586705669881655
-0.09435429936293649,-0.09435429936293649
-0.08136567759657931,-0.08136567759657931
-0.02871400182757755,-0.02871400182757755
-0.0656999781312233,-0.0656999781312233
-0.10486773806857042,-0.10486773806857042
-0.05927052431430313,-0.05927052431430313
-0.04089153402032675,-0.04089153402032675
-0.03623337073309563,-0.03623337073309563
-0.018287214637773386,-0.018287214637773386
-0.09507730123966229,-0.09507730123966229
-0.09452396974396293,-0.09452396974396293
-0.20677388030361554,-0.20677388030361554
-0.1786786572784348,-0.1786786572784348
-0.037628117685314044,-0.037628117685314044
-0.08932576368287837,-0.08932576368287837
-0.19567747731203478,-0.19567747731203478
-0.02987182058700355,-0.02987182058700355
-0.02569968491665675,-0.02569968491665675
-0.18071902550451657,-0.18071902550451657
-0.07841528271831955,-0.07841528271831955
-0.05814574462645894,-0.05814574462645894
-0.19048148513435148,-0.19048148513435148
-0.06718823884965719,-0.06718823884965719
-0.03935057675368259,-0.03935057675368259
-0.15484673672428229,-0.15484673672428229
-0.0431272086973824,-0.0431272086973824
-0.10228218394176414,-0.10228218394176414
-0.10131679714525843,-0.10131679714525843
-0.14392160603671378,-0.14392160603671378
-0.19620048236071908,-0.19620048236071908
-0.1873798250299349,-0.1873798250299349
-0.138889505976163,-0.138889505976163
-0.027301679832448245,-0.027301679832448245
-0.047012013453610946,-0.047012013453610946
-0.028103798362108634,-0.028103798362108634
-0.11237218430558638,-0.11237218430558638
-0.13835826303943355,-0.13835826303943355
-0.08208466223761879,-0.08208466223761879
-0.10851795519681784,-0.10851795519681784
-0.126670532069461,-0.126670532069461
-0.13707625592416817,-0.13707625592416817
-0.18890468349921397,-0.18890468349921397
-0.046661453654331386,-0.046661453654331386
-0.10441511731846886,-0.10441511731846886
-0.18622565337706531,-0.18622565337706531
-0.10429837464399538,-0.10429837464399538
-0.08349582409538636,-0.08349582409538636
-0.0866714914646205,-0.0866714914646205
-0.04956565361806076,-0.04956565361806076
-0.1702970032578841,-0.1702970032578841
-0.06746149704273485,-0.06746149704273485
-0.06706488245730802,-0.06706488245730802
-0.028388227951614775,-0.028388227951614775
-0.04527522858741784,-0.04527522858741784
-0.09440593772322647,-0.09440593772322647
-0.10539547937254024,-0.10539547937254024
-0.07232086243970737,-0.07232086243970737
-0.026796717550028992,-0.026796717550028992
-0.025004209718654358,-0.025004209718654358
-0.13888368433998066,-0.13888368433998066
-0.06326182215324616,-0.06326182215324616
-0.14532809947227765,-0.14532809947227765
-0.09842063680777025,-0.09842063680777025
-0.13704903616054176,-0.13704903616054176
-0.03768885207302708,-0.03768885207302708
-0.19353027733325512,-0.19353027733325512
-0.11785048284745336,-0.11785048284745336
-0.0372825046646007,-0.0372825046646007
-0.1955253586825838,-0.1955253586825838
-0.1177542950823347,-0.1177542950823347
-0.17764171267984852,-0.17764171267984852
-0.03902753503381984,-0.03902753503381984
-0.12159193371150201,-0.12159193371150201
-0.07257761057988343,-0.07257761057988343
-0.0843239497997671,-0.0843239497997671
-0.09658529628065715,-0.09658529628065715
-0.09300960280103476,-0.09300960280103476
-0.08622118824438074,-0.08622118824438074
-0.18898693639567243,-0.18898693639567243
-0.1582905854570592,-0.1582905854570592
-0.0937575364498684,-0.0937575364498684
-0.09064571526309606,-0.09064571526309606
-0.15559513475649767,-0.15559513475649767
-0.09339321684704704,-0.09339321684704704
-0.1419540588857997,-0.1419540588857997
-0.09458526645073828,-0.09458526645073828
-0.12817784474962357,-0.12817784474962357
-0.12724144408474036,-0.12724144408474036
-0.10797594493182305,-0.10797594493182305
-0.14514915434188336,-0.14514915434188336
-0.10300921462886925,-0.10300921462886925
-0.23418921562113693,-0.23418921562113693
-0.11217862591058603,-0.11217862591058603
-0.07512594173565168,-0.07512594173565168
-0.016108283155199077,-0.016108283155199077
-0.03694786056932686,-0.03694786056932686
-0.006297911611694684,-0.006297911611694684
-0.0700366462135179,-0.0700366462135179
-0.09385337774809155,-0.09385337774809155
-0.06494902900963828,-0.06494902900963828
-0.04643053546023057,-0.04643053546023057
-0.19392224990970397,-0.19392224990970397
-0.0929454391462845,-0.0929454391462845
-0.13991709099483662,-0.13991709099483662
-0.16620638479198535,-0.16620638479198535
-0.16603362388246634,-0.16603362388246634
-0.1568364143719806,-0.1568364143719806
-0.05028824534691734,-0.05028824534691734
-0.15666171201726176,-0.15666171201726176
-0.10228023248523033,-0.10228023248523033
-0.19629562050988292,-0.19629562050988292
-0.03930667939699062,-0.03930667939699062
-0.026761555130566106,-0.026761555130566106
-0.048183651473638456,-0.048183651473638456
-0.025436526331104492,-0.025436526331104492
-0.03669509008510674,-0.03669509008510674
-0.11456226396226732,-0.11456226396226732
-0.1978580538687813,-0.1978580538687813
-0.03582305126264662,-0.03582305126264662
-0.17980282808131098,-0.17980282808131098
-0.12061573574155027,-0.12061573574155027
-0.13927824593596105,-0.13927824593596105
-0.049815046876084956,-0.049815046876084956
-0.036846000489475395,-0.036846000489475395
-0.07678235824016433,-0.07678235824016433
-0.09312781681527083,-0.09312781681527083
-0.19609745175616078,-0.19609745175616078
-0.2495867575757419,-0.2495867575757419
-0.05576600077134708,-0.05576600077134708
-0.14471429902390243,-0.14471429902390243
-0.03635689000627551,-0.03635689000627551
-0.22770777111915497,-0.22770777111915497
-0.1401435448850028,-0.1401435448850028
-0.13014020398055315,-0.13014020398055315
-0.039431892865874785,-0.039431892865874785
-0.20545414905721615,-0.20545414905721615
-0.04415510412897028,-0.04415510412897028
-0.08516427344610278,-0.08516427344610278
-0.14621630809774067,-0.14621630809774067
-0.15673660525680577,-0.15673660525680577
-0.08509557716497729,-0.08509557716497729
-0.05043581109086914,-0.05043581109086914
-0.06201729814460111,-0.06201729814460111
-0.10420558536744817,-0.10420558536744817
-0.09067202274159292,-0.09067202274159292
-0.0851065353768411,-0.0851065353768411
-0.050437875246419184,-0.050437875246419184
-0.08625318950836236,-0.08625318950836236
-0.08498528670788552,-0.08498528670788552
-0.03905870581516835,-0.03905870581516835
-0.06785186414037814,-0.06785186414037814
-0.060831023271226026,-0.060831023271226026
-0.10862347149770402,-0.10862347149770402
-0.04559534038331037,-0.04559534038331037
-0.08221908769709418,-0.08221908769709418
-0.10774101930419022,-0.10774101930419022
-0.17826085813199,-0.17826085813199
-0.19184419586650792,-0.19184419586650792
-0.12764475318521773,-0.12764475318521773
-0.09339518762210874,-0.09339518762210874
-0.05685892975488027,-0.05685892975488027
-0.15481068904229145,-0.15481068904229145
-0.12639625466132642,-0.12639625466132642
-0.06163164733784798,-0.06163164733784798
-0.1868054206164469,-0.1868054206164469
-0.019608942287175357,-0.019608942287175357
-0.12733184723269586,-0.12733184723269586
-0.04458833382406635,-0.04458833382406635
-0.058544104435750643,-0.058544104435750643
-0.04055126427674627,-0.04055126427674627
-0.014779694379630559,-0.014779694379630559
-0.08165909175718455,-0.08165909175718455
-0.024510570152938338,-0.024510570152938338
-0.17764171267984852,-0.17764171267984852
-0.05384382841845936,-0.05384382841845936
-0.1692794909828783,-0.1692794909828783
-0.09407675052780706,-0.09407675052780706
-0.13749116750853718,-0.13749116750853718
-0.06045672789926593,-0.06045672789926593
-0.027115602044408105,-0.027115602044408105
-0.04763292950292142,-0.04763292950292142
-0.10431161208277873,-0.10431161208277873
-0.017647401008671904,-0.017647401008671904
-0.06583389194101896,-0.06583389194101896
-0.07440094375555117,-0.07440094375555117
-0.13843007455813883,-0.13843007455813883
-0.0742346996182357,-0.0742346996182357
-0.1300658104479031,-0.1300658104479031
-0.03033089633321384,-0.03033089633321384
-0.09226003892047896,-0.09226003892047896
-0.12857219951184184,-0.12857219951184184
-0.14565892288409155,-0.14565892288409155
-0.13693842355434138,-0.13693842355434138
-0.04695767261917805,-0.04695767261917805
-0.04595831813838125,-0.04595831813838125
-0.09394920891044645,-0.09394920891044645
-0.0853762710775744,-0.0853762710775744
-0.13883120867273147,-0.13883120867273147
-0.13684901558965012,-0.13684901558965012
-0.02868209687290668,-0.02868209687290668
-0.13818968365459539,-0.13818968365459539
-0.027396510809340358,-0.027396510809340358
-0.09095654292884758,-0.09095654292884758
-0.09446308891592003,-0.09446308891592003
-0.14382919921618154,-0.14382919921618154
-0.13551039997301806,-0.13551039997301806
-0.10698771470876267,-0.10698771470876267
-0.07345512087169515,-0.07345512087169515
-0.10365099648175946,-0.10365099648175946
-0.10152505170388437,-0.10152505170388437
-0.052714581824865325,-0.052714581824865325
-0.1469012490023296,-0.1469012490023296
-0.2279667147013721,-0.2279667147013721
-0.14520310317772467,-0.14520310317772467
-0.03964507319870725,-0.03964507319870725
-0.0362201467334502,-0.0362201467334502
-0.11454818993764582,-0.11454818993764582
-0.10208485972891901,-0.10208485972891901
-0.04081242655219375,-0.04081242655219375
-0.039003911470954056,-0.039003911470954056
-0.025780038784097292,-0.025780038784097292
-0.13774020664554798,-0.13774020664554798
-0.07668283732475278,-0.07668283732475278
-0.1280641996311791,-0.1280641996311791
-0.02899233830442771,-0.02899233830442771
-0.02785993222665284,-0.02785993222665284
-0.1680069303898909,-0.1680069303898909
-0.08509358834824476,-0.08509358834824476
-0.15273362885685815,-0.15273362885685815
-0.11013680027424388,-0.11013680027424388
-0.03850061404081284,-0.03850061404081284
-0.09229678125569796,-0.09229678125569796
-0.09197001181144204,-0.09197001181144204
-0.1392801169664889,-0.1392801169664889
-0.15253540155399414,-0.15253540155399414
-0.0953143810061381,-0.0953143810061381
-0.017910293087926243,-0.017910293087926243
-0.09791231402564682,-0.09791231402564682
-0.0557162575102188,-0.0557162575102188
-0.0750168397789367,-0.0750168397789367
-0.02858147420685675,-0.02858147420685675
-0.11133972156663108,-0.11133972156663108
-0.10357238884933129,-0.10357238884933129
-0.01666823570200071,-0.01666823570200071
-0.1134443703559399,-0.1134443703559399
-0.05970442592495939,-0.05970442592495939
-0.037994125522625155,-0.037994125522625155
-0.1062600230767865,-0.1062600230767865
-0.036402388488307236,-0.036402388488307236
-0.10187673492635718,-0.10187673492635718
-0.02808732190640384,-0.02808732190640384
-0.19048148513435148,-0.19048148513435148
-0.12960755567933913,-0.12960755567933913
-0.10321902641853475,-0.10321902641853475
-0.018184234380491437,-0.018184234380491437
-0.13087133332552303,-0.13087133332552303
-0.15253724376621602,-0.15253724376621602
-0.03958991815214952,-0.03958991815214952
-0.07192833201309501,-0.07192833201309501
-0.05609244139139424,-0.05609244139139424
-0.08610604717121761,-0.08610604717121761
-0.07262119740888273,-0.07262119740888273
-0.06052523198352777,-0.06052523198352777
-0.09738724793698161,-0.09738724793698161
-0.09431409242753386,-0.09431409242753386
-0.09548581979329496,-0.09548581979329496
-0.03712996472030461,-0.03712996472030461
-0.08489049671211824,-0.08489049671211824
-0.04652516395444428,-0.04652516395444428
-0.09162730410774467,-0.09162730410774467
-0.038792678282390414,-0.038792678282390414
-0.03960350911253108,-0.03960350911253108
-0.1547384054180938,-0.1547384054180938
-0.153889632980708,-0.153889632980708
-0.14858841447157878,-0.14858841447157878
-0.12843412416908717,-0.12843412416908717
-0.025515418997919315,-0.025515418997919315
-0.08403138707361135,-0.08403138707361135
-0.05116970149645694,-0.05116970149645694
-0.03622875747684351,-0.03622875747684351
-0.18843361869317787,-0.18843361869317787
-0.03919504634678905,-0.03919504634678905
-0.0386512415935657,-0.0386512415935657
-0.23495577278630164,-0.23495577278630164
-0.1569444767909376,-0.1569444767909376
-0.10404006226241491,-0.10404006226241491
-0.08463096886291754,-0.08463096886291754
-0.04962418842193783,-0.04962418842193783
-0.04216844361134897,-0.04216844361134897
-0.05024773801079008,-0.05024773801079008
-0.08471742533899218,-0.08471742533899218
-0.09432848806783589,-0.09432848806783589
-0.057338453625715435,-0.057338453625715435
-0.10591394337119808,-0.10591394337119808
-0.14768229217069762,-0.14768229217069762
-0.1390307699040645,-0.1390307699040645
-0.09370861907801087,-0.09370861907801087
-0.05833921328829206,-0.05833921328829206
-0.12850676279197482,-0.12850676279197482
-0.15438258666524718,-0.15438258666524718
-0.09402472159807684,-0.09402472159807684
-0.029273553822441456,-0.029273553822441456
-0.09101588105723912,-0.09101588105723912
-0.13855418866299352,-0.13855418866299352
-0.1463047457680421,-0.1463047457680421
-0.048453496423669584,-0.048453496423669584
-0.040186229336638735,-0.040186229336638735
-0.1438329214875349,-0.1438329214875349
-0.15281954984749935,-0.15281954984749935
-0.03718486591373982,-0.03718486591373982
-0.10163005084651755,-0.10163005084651755
-0.030290802724690535,-0.030290802724690535
-0.0407736002148692,-0.0407736002148692
-0.14552615515958645,-0.14552615515958645
-0.047049758853405343,-0.047049758853405343
-0.05966636430473593,-0.05966636430473593
-0.19694651295826493,-0.19694651295826493
-0.027095908277188885,-0.027095908277188885
-0.08342125772370446,-0.08342125772370446
-0.12653881987783122,-0.12653881987783122
-0.01640714927229825,-0.01640714927229825
-0.15482596034205065,-0.15482596034205065
-0.04998480805602967,-0.04998480805602967
-0.02906229245973435,-0.02906229245973435
-0.10591394337119797,-0.10591394337119797
-0.13846494808180487,-0.13846494808180487
-0.11190653961016173,-0.11190653961016173
-0.08338255141395468,-0.08338255141395468
-0.015802483019953795,-0.015802483019953795
-0.1374121485218518,-0.1374121485218518
-0.03017957382930936,-0.03017957382930936
-0.10541552623216366,-0.10541552623216366
-0.07583592858450894,-0.07583592858450894
-0.027485607985970995,-0.027485607985970995
-0.03351157221770873,-0.03351157221770873
-0.09189432786454887,-0.09189432786454887
-0.026792253654041698,-0.026792253654041698
-0.03651290368785132,-0.03651290368785132
-0.10513164762444516,-0.10513164762444516
-0.14736950548498284,-0.14736950548498284
-0.15465084142397556,-0.15465084142397556
-0.14602026875751994,-0.14602026875751994
-0.10724905858200906,-0.10724905858200906
-0.04370200404443225,-0.04370200404443225
-0.04720943037116465,-0.04720943037116465
-0.09628621574032548,-0.09628621574032548
-0.0417631547412759,-0.0417631547412759
-0.15006937173957846,-0.15006937173957846
-0.03721881477297273,-0.03721881477297273
-0.09940211097333751,-0.09940211097333751
-0.02991108819259758,-0.02991108819259758
-0.09419800207844853,-0.09419800207844853
-0.1659623000839473,-0.1659623000839473
-0.05430838167405483,-0.05430838167405483
-0.10441511731846898,-0.10441511731846898
-0.10338665026055383,-0.10338665026055383
-0.09076423737831729,-0.09076423737831729
-0.04981711238104736,-0.04981711238104736
-0.09291761588913772,-0.09291761588913772
-0.026876748163540354,-0.026876748163540354
-0.0770331895678319,-0.0770331895678319
-0.06976440878023127,-0.06976440878023127
-0.09538071478764798,-0.09538071478764798
-0.13765613442141234,-0.13765613442141234
-0.10541552623216388,-0.10541552623216388
-0.10623260823508518,-0.10623260823508518
-0.06783097551177353,-0.06783097551177353
-0.0843239497997671,-0.0843239497997671
-0.0329218567548214,-0.0329218567548214
-0.07706854197443336,-0.07706854197443336
-0.037994125522625155,-0.037994125522625155
-0.13191177938869436,-0.13191177938869436
-0.13651102666153425,-0.13651102666153425
-0.07505850229760025,-0.07505850229760025
-0.085374282871014,-0.085374282871014
-0.15787559298027476,-0.15787559298027476
-0.19591111782366744,-0.19591111782366744
-0.02931790962688441,-0.02931790962688441
-0.060129753539423736,-0.060129753539423736
-0.03432775977357061,-0.03432775977357061
-0.006718200602443214,-0.006718200602443214
-0.10875187941522357,-0.10875187941522357
-0.19586386538674594,-0.19586386538674594
-0.11920569475251086,-0.11920569475251086
-0.14745967695319984,-0.14745967695319984
-0.04535065451564102,-0.04535065451564102
-0.05016444704218781,-0.05016444704218781
-0.048686843248582634,-0.048686843248582634
-0.03491661792957379,-0.03491661792957379
-0.0755841014688089,-0.0755841014688089
-0.23726228527692206,-0.23726228527692206
-0.0362201467334502,-0.0362201467334502
-0.046777427147292494,-0.046777427147292494
-0.03642421898447423,-0.03642421898447423
-0.14944065586684796,-0.14944065586684796
-0.15670247133980764,-0.15670247133980764
-0.025459636216527026,-0.025459636216527026
-0.1124480909312614,-0.1124480909312614
-0.09444653018309468,-0.09444653018309468
-0.0676664300233597,-0.0676664300233597
-0.0269733170989247,-0.0269733170989247
-0.10021664644183781,-0.10021664644183781
-0.15778835397983337,-0.15778835397983337
-0.02701693216689094,-0.02701693216689094
-0.08527754475604965,-0.08527754475604965
-0.18002982908838516,-0.18002982908838516
-0.17286288206678602,-0.17286288206678602
-0.0832833906012822,-0.0832833906012822
-0.18731209345392208,-0.18731209345392208
-0.09076423737831729,-0.09076423737831729
-0.10274662958388148,-0.10274662958388148
-0.09170222069974665,-0.09170222069974665
-0.04606773736647507,-0.04606773736647507
-0.22681114412052483,-0.22681114412052483
-0.06647384915883503,-0.06647384915883503
-0.1376664630924107,-0.1376664630924107
-0.10088370218064924,-0.10088370218064924
-0.09262977131790018,-0.09262977131790018
-0.04782814797009172,-0.04782814797009172
-0.1415909924701808,-0.1415909924701808
-0.13740369191427515,-0.13740369191427515
-0.09527166418960764,-0.09527166418960764
-0.19582781907378832,-0.19582781907378832
-0.13980684601441495,-0.13980684601441495
-0.07327787226536642,-0.07327787226536642
-0.139355593392413,-0.139355593392413
-0.12088947855124688,-0.12088947855124688
-0.16301353438192512,-0.16301353438192512
-0.10543363463414746,-0.10543363463414746
-0.0740221324066489,-0.0740221324066489
-0.18914929850645024,-0.18914929850645024
-0.030474165663034958,-0.030474165663034958
-0.14787980231385967,-0.14787980231385967
-0.03753721321065051,-0.03753721321065051
-0.027713085222517364,-0.027713085222517364
-0.028672574301582543,-0.028672574301582543
-0.04893439968648017,-0.04893439968648017
-0.10088370218064946,-0.10088370218064946
-0.15885216096078514,-0.15885216096078514
-0.047536340491529216,-0.047536340491529216
-0.1448028922771517,-0.1448028922771517
-0.07452958689348466,-0.07452958689348466
-0.15262318467220126,-0.15262318467220126
-0.0973100532539436,-0.0973100532539436
-0.041373344184864935,-0.041373344184864935
-0.18059065763892568,-0.18059065763892568
-0.15114292865361645,-0.15114292865361645
-0.14399481467331787,-0.14399481467331787
-0.01926647298715989,-0.01926647298715989
-0.03714149743736295,-0.03714149743736295
-0.13133081103581445,-0.13133081103581445
-0.09731005325394382,-0.09731005325394382
-0.10416932508105703,-0.10416932508105703
-0.13721033658984827,-0.13721033658984827
-0.12997569052201785,-0.12997569052201785
-0.1364371779845115,-0.1364371779845115
-0.0923927770387084,-0.0923927770387084
-0.03794136179484864,-0.03794136179484864
-0.1462720454180011,-0.1462720454180011
-0.07901106607746866,-0.07901106607746866
-0.13997137002129312,-0.13997137002129312
-0.1448028922771516,-0.1448028922771516
-0.036419799247981666,-0.036419799247981666
-0.03894618469104416,-0.03894618469104416
-0.08527953317289882,-0.08527953317289882
-0.14754798583134232,-0.14754798583134232
-0.15563114898154673,-0.15563114898154673
-0.08782790280969432,-0.08782790280969432
-0.12769525597615905,-0.12769525597615905
-0.08390001486796317,-0.08390001486796317
-0.08498926480787694,-0.08498926480787694
-0.10217591699377826,-0.10217591699377826
-0.044586256952799275,-0.044586256952799275
-0.08782790280969421,-0.08782790280969421
-0.1896703657299692,-0.1896703657299692
-0.12786588818414046,-0.12786588818414046
-0.08282105222462133,-0.08282105222462133
-0.037602367667811776,-0.037602367667811776
-0.08566442909696192,-0.08566442909696192
-0.09312584545899893,-0.09312584545899893
-0.10293250075660643,-0.10293250075660643
-0.04554295557518051,-0.04554295557518051
-0.15780174071337194,-0.15780174071337194
-0.14504143851120588,-0.14504143851120588
-0.17918306015212593,-0.17918306015212593
-0.08642398455812295,-0.08642398455812295
-0.08442697860021797,-0.08442697860021797
-0.1082862739325211,-0.1082862739325211
-0.07466511876706283,-0.07466511876706283
-0.04239040479564593,-0.04239040479564593
-0.12953576552734392,-0.12953576552734392
-0.08583930860054678,-0.08583930860054678
-0.08358597771066223,-0.08358597771066223
-0.10189296266305925,-0.10189296266305925
-0.1277736443204559,-0.1277736443204559
-0.11981788019893147,-0.11981788019893147
-0.1377788566848046,-0.1377788566848046
-0.044046358263961194,-0.044046358263961194
-0.038091682206747746,-0.038091682206747746
-0.12031632367347445,-0.12031632367347445
-0.09350743981309917,-0.09350743981309917
-0.07594071574065131,-0.07594071574065131
-0.08524250679100476,-0.08524250679100476
-0.042612314544210994,-0.042612314544210994
-0.15629423389387054,-0.15629423389387054
-0.05203632972829786,-0.05203632972829786
-0.01828379997884655,-0.01828379997884655
-0.11408368676286951,-0.11408368676286951
-0.20380273795660075,-0.20380273795660075
-0.10447163684121707,-0.10447163684121707
-0.09423269702107162,-0.09423269702107162
-0.07509795144412501,-0.07509795144412501
-0.14698961572424174,-0.14698961572424174
-0.09631393567122404,-0.09631393567122404
-0.10109205710167235,-0.10109205710167235
-0.0955220603752921,-0.0955220603752921
-0.025970606706810506,-0.025970606706810506
-0.07555172655175546,-0.07555172655175546
-0.07206626197108568,-0.07206626197108568
-0.15658775329594432,-0.15658775329594432
-0.05020495793071056,-0.05020495793071056
-0.03978511110521077,-0.03978511110521077
-0.06042790807387899,-0.06042790807387899
-0.05006811477715334,-0.05006811477715334
-0.06443360908041318,-0.06443360908041318
-0.05050832490516299,-0.05050832490516299
-0.04891928250756328,-0.04891928250756328
-0.11335060115744,-0.11335060115744
-0.0925338006012959,-0.0925338006012959
-0.08530759071564442,-0.08530759071564442
-0.08436499417590448,-0.08436499417590448
-0.11383919955408028,-0.11383919955408028
-0.060869037749875954,-0.060869037749875954
-0.07481352246616801,-0.07481352246616801
-0.07749623977214037,-0.07749623977214037
-0.05753373136206563,-0.05753373136206563
-0.04188804804159818,-0.04188804804159818
-0.04854564484610002,-0.04854564484610002
-0.12184900359745532,-0.12184900359745532
-0.04883587503663733,-0.04883587503663733
-0.14505502785362756,-0.14505502785362756
-0.08498926480787694,-0.08498926480787694
-0.09590382581377865,-0.09590382581377865
-0.08384624710926902,-0.08384624710926902
-0.024593778452934978,-0.024593778452934978
-0.04751292610042224,-0.04751292610042224
-0.07323834548838282,-0.07323834548838282
-0.08365478734118903,-0.08365478734118903
-0.050937812228357804,-0.050937812228357804
-0.10208095595372302,-0.10208095595372302
-0.027578307188190987,-0.027578307188190987
-0.08631981271812694,-0.08631981271812694
-0.11538598842633507,-0.11538598842633507
-0.0770331895678319,-0.0770331895678319
-0.13826525570048898,-0.13826525570048898
-0.08734043490737864,-0.08734043490737864
-0.026943470193592223,-0.026943470193592223
-0.08400528157103548,-0.08400528157103548
-0.0437506558778884,-0.0437506558778884
-0.1417796348864997,-0.1417796348864997
-0.09507533412117464,-0.09507533412117464
-0.10378206890900243,-0.10378206890900243
-0.04566202387832441,-0.04566202387832441
-0.11434295396947691,-0.11434295396947691
-0.021929564799361145,-0.021929564799361145
-0.05068497602022648,-0.05068497602022648
-0.13776665504359664,-0.13776665504359664
-0.12896559711932643,-0.12896559711932643
-0.028514864493972225,-0.028514864493972225
-0.0994021109733374,-0.0994021109733374
-0.03191157675375211,-0.03191157675375211
-0.12194187403215273,-0.12194187403215273
-0.23347611694794557,-0.23347611694794557
-0.025970606706810617,-0.025970606706810617
-0.08723438340388423,-0.08723438340388423
-0.14745967695319961,-0.14745967695319961
-0.05865553566885995,-0.05865553566885995
-0.13944287104501896,-0.13944287104501896
-0.10347952436504226,-0.10347952436504226
-0.12856841089298532,-0.12856841089298532
-0.11238337292835643,-0.11238337292835643
-0.10394529838924016,-0.10394529838924016
-0.07101683018056948,-0.07101683018056948
-0.03113641838293768,-0.03113641838293768
-0.14444363486126122,-0.14444363486126122
-0.04370616162681251,-0.04370616162681251
-0.02991319696463679,-0.02991319696463679
-0.027610248399127735,-0.027610248399127735
-0.04785362438548535,-0.04785362438548535
-0.08463295868528842,-0.08463295868528842
-0.13279449789599718,-0.13279449789599718
-0.06936877363788507,-0.06936877363788507
-0.09458920281404615,-0.09458920281404615
-0.13492231905093144,-0.13492231905093144
-0.038011507522004995,-0.038011507522004995
-0.11704710428385112,-0.11704710428385112
-0.10522239591559435,-0.10522239591559435
-0.14811563846356313,-0.14811563846356313
-0.158157950749098,-0.158157950749098
-0.09450171044860933,-0.09450171044860933
-0.09319647914719476,-0.09319647914719476
-0.12125939052848766,-0.12125939052848766
-0.06319636842807275,-0.06319636842807275
-0.018183380859088105,-0.018183380859088105
-0.06724331938508887,-0.06724331938508887
-0.037200169608135436,-0.037200169608135436
-0.039209245937810056,-0.039209245937810056
-0.13505313303292443,-0.13505313303292443
-0.09492132950146626,-0.09492132950146626
-0.12857409381509377,-0.12857409381509377
-0.12944559069200778,-0.12944559069200778
-0.12052208722141688,-0.12052208722141688
-0.04177379895100897,-0.04177379895100897
-0.1557186114322442,-0.1557186114322442
-0.10533901815630797,-0.10533901815630797
-0.03491871582063022,-0.03491871582063022
-0.08716584257018123,-0.08716584257018123
-0.03619184072366488,-0.03619184072366488
-0.04717852398104849,-0.04717852398104849
-0.059092607527828855,-0.059092607527828855
-0.02477821864527796,-0.02477821864527796
-0.028982818774637376,-0.028982818774637376
-0.11181260775840929,-0.11181260775840929
-0.11162356194065248,-0.11162356194065248
-0.10458446404229804,-0.10458446404229804
-0.07614780188258674,-0.07614780188258674
-0.28857327635042074,-0.28857327635042074
-0.17767499904506157,-0.17767499904506157
-0.06751629462599373,-0.06751629462599373
-0.019905466548060913,-0.019905466548060913
-0.09607478194321473,-0.09607478194321473
-0.037786439714825204,-0.037786439714825204
-0.20413949174590162,-0.20413949174590162
-0.05763135505987882,-0.05763135505987882
-0.10666701054114791,-0.10666701054114791
-0.05014934941486249,-0.05014934941486249
-0.09187594539099353,-0.09187594539099353
-0.1574319875560075,-0.1574319875560075
-0.08670427091353805,-0.08670427091353805
-0.07572854025155595,-0.07572854025155595
-0.027796231579113817,-0.027796231579113817
-0.09320536914759603,-0.09320536914759603
-0.20156860318405223,-0.20156860318405223
-0.1681997306435743,-0.1681997306435743
-0.0910690970630953,-0.0910690970630953
-0.1354558394011539,-0.1354558394011539
-0.1374018168047797,-0.1374018168047797
-0.152558076410529,-0.152558076410529
-0.12642875904434292,-0.12642875904434292
-0.16928310260704316,-0.16928310260704316
-0.03463409946067686,-0.03463409946067686
-0.18716934526349915,-0.18716934526349915
-0.07455558266124584,-0.07455558266124584
-0.041331599481695735,-0.041331599481695735
-0.15473840541809347,-0.15473840541809347
-0.04999678307688926,-0.04999678307688926
-0.1889046834992142,-0.1889046834992142
-0.11998163640343584,-0.11998163640343584
-0.029177213176183714,-0.029177213176183714
-0.1376017092733849,-0.1376017092733849
-0.056776218571750636,-0.056776218571750636
-0.08117733514145675,-0.08117733514145675
-0.14602212513228874,-0.14602212513228874
-0.06161469212658344,-0.06161469212658344
-0.10019452708941778,-0.10019452708941778
-0.047966320949642594,-0.047966320949642594
-0.13522044610952133,-0.13522044610952133
-0.15114108341043597,-0.15114108341043597
-0.11113374191811165,-0.11113374191811165
-0.1967766352036413,-0.1967766352036413
-0.11271769294970091,-0.11271769294970091
-0.1021979876389354,-0.1021979876389354
-0.14390613770811145,-0.14390613770811145
-0.03109509417844103,-0.03109509417844103
-0.12823286462891037,-0.12823286462891037
-0.20407142689800695,-0.20407142689800695
-0.1867229464707887,-0.1867229464707887
-0.026690589085810235,-0.026690589085810235
-0.03605109701251785,-0.03605109701251785
-0.02927566398034831,-0.02927566398034831
-0.0486174759394562,-0.0486174759394562
-0.04014529112687426,-0.04014529112687426
-0.10182005163144514,-0.10182005163144514
-0.03875168063454826,-0.03875168063454826
-0.14609515414032126,-0.14609515414032126
-0.15709326579445881,-0.15709326579445881
-0.03740798195746964,-0.03740798195746964
-0.04843630309873426,-0.04843630309873426
-0.027468035795980006,-0.027468035795980006
-0.025600871436908923,-0.025600871436908923
-0.07476499049151764,-0.07476499049151764
-0.0957613603382117,-0.0957613603382117
-0.09261140373167609,-0.09261140373167609
-0.0964055781635027,-0.0964055781635027
-0.08092096986676556,-0.08092096986676556
-0.11113374191811165,-0.11113374191811165
-0.12860557781925086,-0.12860557781925086
-0.03809377319587304,-0.03809377319587304
-0.08498528670788552,-0.08498528670788552
-0.14859676142785216,-0.14859676142785216
-0.09248481717433255,-0.09248481717433255
-0.10161811863875936,-0.10161811863875936
-0.11944736140788204,-0.11944736140788204
-0.14532624158883745,-0.14532624158883745
-0.14726206943055975,-0.14726206943055975
-0.1049624043874815,-0.1049624043874815
-0.06359591327832959,-0.06359591327832959
-0.0953143810061381,-0.0953143810061381
-0.0855203727547098,-0.0855203727547098
-0.03967413639995376,-0.03967413639995376
-0.18958642047588004,-0.18958642047588004
-0.09599826088874819,-0.09599826088874819
-0.015609925713529704,-0.015609925713529704
-0.05936592336615887,-0.05936592336615887
-0.050247738010789855,-0.050247738010789855
-0.14820202776301816,-0.14820202776301816
-0.04008679842920426,-0.04008679842920426
-0.14585690190869738,-0.14585690190869738
-0.11724787577535012,-0.11724787577535012
-0.11927699663641456,-0.11927699663641456
-0.15445490071773993,-0.15445490071773993
-0.03918562684193905,-0.03918562684193905
-0.1951252250066483,-0.1951252250066483
-0.08204551108997726,-0.08204551108997726
-0.057025732085927205,-0.057025732085927205
-0.0696660196404093,-0.0696660196404093
-0.0391971349374296,-0.0391971349374296
-0.09461579375606932,-0.09461579375606932
-0.019717973859861848,-0.019717973859861848
-0.02931790962688452,-0.02931790962688452
-0.14804093027233367,-0.14804093027233367
-0.0357277840326673,-0.0357277840326673
-0.10399989984348756,-0.10399989984348756
-0.026297191192387492,-0.026297191192387492
-0.04760951748625952,-0.04760951748625952
-0.02547088943676179,-0.02547088943676179
-0.1542949858104561,-0.1542949858104561
-0.14753258302715333,-0.14753258302715333
-0.2019287515228234,-0.2019287515228234
-0.020120850356233455,-0.020120850356233455
-0.07607804937840246,-0.07607804937840246
-0.24284277255852915,-0.24284277255852915
-0.027286218801649276,-0.027286218801649276
-0.18347986494027102,-0.18347986494027102
-0.03819341054729364,-0.03819341054729364
-0.10187478258845983,-0.10187478258845983
-0.09218240574011871,-0.09218240574011871
-0.01768052238015083,-0.01768052238015083
-0.07593366521453704,-0.07593366521453704
-0.13731620744824347,-0.13731620744824347
-0.08953481779729366,-0.08953481779729366
-0.060567343116325834,-0.060567343116325834
-0.031333937404005585,-0.031333937404005585
-0.08498727576004328,-0.08498727576004328
-0.09252569291117596,-0.09252569291117596
-0.0176538072869995,-0.0176538072869995
-0.10258318174857484,-0.10258318174857484
-0.11190460907502608,-0.11190460907502608
-0.187227903897074,-0.187227903897074
-0.0073610543695367125,-0.0073610543695367125
-0.07257761057988343,-0.07257761057988343
-0.03986639043536455,-0.03986639043536455
-0.06386582189590306,-0.06386582189590306
-0.14521668995052883,-0.14521668995052883
-0.09696739797742349,-0.09696739797742349
-0.09347074648334974,-0.09347074648334974
